{"cameraMode":{"drawMode":0,"name":"Shaded","section":"Shading Mode"},"sceneLighting":false,"audioPlay":false,"sceneViewState":{"m_AlwaysRefresh":false,"showFog":true,"showSkybox":false,"showFlares":true,"showImageEffects":true,"showParticleSystems":true,"showVisualEffectGraphs":true,"m_FxEnabled":false},"in2DMode":false,"pivot":{"x":-0.004618644714355469,"y":0.41999995708465578,"z":-0.41999995708465578},"rotation":{"x":0.25023171305656435,"y":0.7077414393424988,"z":-0.3011592924594879,"w":0.588062047958374},"size":0.4330126941204071,"orthographic":false}